website	day	month	year	country	fullPageUrl
test	01	07	2026	United States	www.biodatasage.com/
test	01	07	2026	United States	www.biodatasage.com/about
test	01	07	2026	United States	www.biodatasage.com/contact
test	01	07	2026	United States	www.biodatasage.com/fair
test	01	07	2026	United States	www.biodatasage.com/services
test	02	07	2026	United States	www.biodatasage.com/
test	02	07	2026	United States	www.biodatasage.com/about
test	05	07	2026	India	www.biodatasage.com/about
test	05	07	2026	United States	www.biodatasage.com/
test	05	07	2026	United States	www.biodatasage.com/about
test	06	07	2026	United States	www.biodatasage.com/
test	07	07	2026	United States	www.biodatasage.com/
test	07	07	2026	United States	www.biodatasage.com/about
test	07	07	2026	United States	www.biodatasage.com/contact
test	07	07	2026	United States	www.biodatasage.com/fair
test	07	07	2026	United States	www.biodatasage.com/services
test	08	07	2026	United States	www.biodatasage.com/
test	08	07	2026	United States	www.biodatasage.com/about
test	08	07	2026	United States	www.biodatasage.com/contact
test	08	07	2026	United States	www.biodatasage.com/services
test	09	07	2026	United States	www.biodatasage.com/
test	09	07	2026	United States	www.biodatasage.com/about
test	10	07	2026	United States	www.biodatasage.com/
test	10	07	2026	United States	www.biodatasage.com/about
test	10	07	2026	United States	www.biodatasage.com/services
test	11	07	2026	India	www.biodatasage.com/
test	11	07	2026	India	www.biodatasage.com/about
test	11	07	2026	India	www.biodatasage.com/services
test	17	06	2026	(not set)	www.biodatasage.com/?gtm_latency=1
test	17	06	2026	United States	www.biodatasage.com/
test	17	06	2026	United States	www.biodatasage.com/about
test	17	06	2026	United States	www.biodatasage.com/services
test	18	06	2026	United States	www.biodatasage.com/
test	19	06	2026	United States	www.biodatasage.com/
test	19	06	2026	United States	www.biodatasage.com/about
test	21	06	2026	United States	www.biodatasage.com/fair
test	22	06	2026	Indonesia	www.biodatasage.com/
test	22	06	2026	Indonesia	www.biodatasage.com/about
test	22	06	2026	Indonesia	www.biodatasage.com/contact
test	22	06	2026	Indonesia	www.biodatasage.com/fair
test	22	06	2026	Indonesia	www.biodatasage.com/services
test	22	06	2026	Singapore	www.biodatasage.com/
test	22	06	2026	United States	www.biodatasage.com/
test	22	06	2026	United States	www.biodatasage.com/about
test	22	06	2026	United States	www.biodatasage.com/fair
test	22	06	2026	United States	www.biodatasage.com/services
test	23	06	2026	United States	www.biodatasage.com/
test	23	06	2026	United States	www.biodatasage.com/about
test	23	06	2026	United States	www.biodatasage.com/fair
test	24	06	2026	United Kingdom	www.biodatasage.com/
test	24	06	2026	United States	www.biodatasage.com/
test	24	06	2026	United States	www.biodatasage.com/about
test	24	06	2026	United States	www.biodatasage.com/fair
test	24	06	2026	United States	www.biodatasage.com/services
test	25	06	2026	Singapore	www.biodatasage.com/
test	25	06	2026	United States	www.biodatasage.com/
test	26	06	2026	United States	www.biodatasage.com/
test	26	06	2026	United States	www.biodatasage.com/about
test	26	06	2026	United States	www.biodatasage.com/contact
test	26	06	2026	United States	www.biodatasage.com/fair
test	26	06	2026	United States	www.biodatasage.com/fair-forward-2025
test	26	06	2026	United States	www.biodatasage.com/services
test	27	06	2026	United States	www.biodatasage.com/
test	27	06	2026	United States	www.biodatasage.com/about
test	27	06	2026	United States	www.biodatasage.com/contact
test	28	06	2026	United States	www.biodatasage.com/about
test	29	06	2026	United States	www.biodatasage.com/
test	29	06	2026	United States	www.biodatasage.com/about
test	29	06	2026	United States	www.biodatasage.com/fair
test	30	06	2026	United States	www.biodatasage.com/
test	30	06	2026	United States	www.biodatasage.com/about
test	30	06	2026	United States	www.biodatasage.com/contact
test	30	06	2026	United States	www.biodatasage.com/fair
test	30	06	2026	United States	www.biodatasage.com/services
